{
    "type": "origins:attribute",
    "modifier": {
        "attribute": "minecraft:generic.movement_speed",
        "operation": "addition",
        "value": 0.06
    },
    "condition": {
        "type": "origins:and",
        "condtions": [
            {
                "type": "origins:in_block",
                "block": "minecraft:water",
                "inverted": true
            }
        ]
    },
    "name": "Fast-Footed",
    "description": "You are faster on land than normal players."
}